{
  "en": {
    "login": "Login",
    "signout": "Logout",
    "about": "About Interactive",
    "gallery": "360VR Gallery",
    "movie": "Interactive Movie",
    "game": "Quiz Game",
    "team": "Team",
    "site": "Interactive Sites",
    "language": "KO (한국어)",

    "gallery_title": "Interactive 360VR Gallery",
    "imgfile-select": "Select Your Image...",

    "photo_title": "Photo Zone",
    "start_webcam": "Start Webcam",
    "take_photo": "Take Photo",
    "download": "Download",

    "quizgame": "Quiz game",
    "insertcoin": "INSERT COIN",
    "gamestart": "Game Start",
    "score": "score : 0",
    "ranking": "Live Ranking"
  },
  "ko": {
    "login": "로그인",
    "signout": "로그아웃",
    "about": "인터랙티브 미디어란",
    "gallery": "360VR 갤러리",
    "movie": "인터랙티브 영화",
    "game": "퀴즈 게임",
    "team": "팀원 소개",
    "site": "인터랙티브 홈페이지",
    "language": "영어 (English)",

    "gallery_title": "인터랙티브 360VR 갤러리",
    "imgfile-select": "이미지 파일을 선택하세요.",

    "photo_title": "포토 존",
    "start_webcam": "웹캠 시작하기",
    "take_photo": "사진 찍기",
    "download": "사진 다운로드",

    "quizgame": "퀴즈 게임",
    "insertcoin": "동전 투입",
    "gamestart": "게임 시작",
    "score": "점수 : 0",
    "ranking": "실시간 순위"
  }
}
